title,publisher,year,year_missing,cover,cover_type,price,discount,original_price,savings_tenge,price_bucket,bonus,price_per_bonus,rating,review_count,popularity_score,stock,stock_status,genre,discount_bin,is_old,age_category
Кэрри,Аст,2013,False,твердый переплет,Hardcover,3765,0.0,3765.0,0.0,Mid (3-5k),38,99.08,4.8,112,4.538292305963847,2026-04-27,In stock,Фантастика,Minimal (0-5%),False,Classic/Old
Система «Спаси-Себя-Сам» для Главного Злодея. Том 3,Эксмо,2024,False,твердый переплет,Hardcover,9509,20.0,11886.0,2377.0,Luxury (8k+),95,100.09,5.0,34,3.5553480614894135,2026-04-27,In stock,Фантастика,Medium (15-30%),False,New
Точка зрения Всеведущего читателя. Том 2,Кислород,2026,False,твердый переплет,Hardcover,4551,30.0,6501.0,1950.0,Mid (3-5k),46,98.93,5.0,5,1.791759469228055,2026-04-27,In stock,Фантастика,Medium (15-30%),False,New
Перси Джексон и море Чудовищ,Эксмо,2022,False,твердый переплет,Hardcover,3919,20.0,4899.0,980.0,Mid (3-5k),39,100.49,5.0,20,3.044522437723423,2026-04-27,In stock,Фантастика,Medium (15-30%),False,Classic/Old
Кэрри,Аст,2020,False,мягкая обложка,Paperback,2133,0.0,2133.0,0.0,Economy (1.5-3k),21,101.57,4.7,77,4.095306297088216,2026-04-27,In stock,Фантастика,Minimal (0-5%),False,Classic/Old
Пять ночей у Фредди. Серебряные глаза,Эксмо,2017,False,твердый переплет,Hardcover,3919,20.0,4899.0,980.0,Mid (3-5k),39,100.49,4.9,76,4.25692931341661,2026-04-27,In stock,Фантастика,Medium (15-30%),False,Classic/Old
Хранитель Ардена,Freedom,2023,False,твердый переплет,Hardcover,5116,0.0,5116.0,0.0,Premium (5-8k),51,100.31,5.0,46,3.8501476017100584,2026-04-27,In stock,Фантастика,Minimal (0-5%),False,Classic/Old
Солярис,Аст,2014,False,мягкая обложка,Paperback,2444,0.0,2444.0,0.0,Economy (1.5-3k),24,101.83,4.9,56,3.9621902424778597,2026-04-27,In stock,Фантастика,Minimal (0-5%),False,Classic/Old
Тень ветра,Аст,2015,False,мягкая обложка,Paperback,2879,0.0,2879.0,0.0,Economy (1.5-3k),29,99.28,4.9,38,3.590290413207054,2026-04-27,In stock,Фантастика,Minimal (0-5%),False,Classic/Old
Королевство серебряного пламени. Королевство стужи и звёздного света. Комплект из 2 книг,Азбука,2023,False,твердый переплет,Hardcover,11602,15.0,13649.0,2047.0,Luxury (8k+),116,100.02,5.0,2,1.0986122886681096,2026-04-27,In stock,Фантастика,Low (5-15%),False,Classic/Old
Дюна,Аст,2022,False,мягкая обложка,Paperback,3175,0.0,3175.0,0.0,Mid (3-5k),32,99.22,4.9,79,4.294386101980404,2026-04-27,In stock,Фантастика,Minimal (0-5%),False,Classic/Old
Первоклассный адвокат. Том 1,Кислород,2025,False,твердый переплет,Hardcover,5046,30.0,7209.0,2163.0,Premium (5-8k),50,100.92,5.0,9,2.302585092994046,2026-04-27,In stock,Фантастика,Medium (15-30%),False,New
Марсианин,Аст,2014,False,твердый переплет,Hardcover,4652,0.0,4652.0,0.0,Mid (3-5k),47,98.98,4.7,65,3.9382754575048398,2026-04-27,In stock,Фантастика,Minimal (0-5%),False,Classic/Old
Поцелуй Зимы,Черным-бело,2023,False,твердый переплет,Hardcover,797,20.0,996.0,199.0,Budget (<1.5k),8,99.62,,0,,2026-04-27,In stock,Фантастика,Medium (15-30%),False,Classic/Old
Разломы,Marshmallow books,2025,False,мягкая обложка,Paperback,4700,20.0,5875.0,1175.0,Mid (3-5k),47,100.0,4.9,25,3.1929346072610527,2026-04-27,In stock,Фантастика,Medium (15-30%),False,New
Ртуть,Аст,2026,False,твердый переплет,Hardcover,7961,0.0,7961.0,0.0,Premium (5-8k),80,99.51,5.0,7,2.0794415416798357,2026-04-27,In stock,Фантастика,Minimal (0-5%),False,New
Сияние вечного пламени,Кислород,2026,False,твердый переплет,Hardcover,7567,0.0,7567.0,0.0,Premium (5-8k),76,99.57,5.0,3,1.3862943611198906,2026-04-27,In stock,Фантастика,Minimal (0-5%),False,New
Игры королей. Изгнанник Ардена,Freedom. проза софи анри. миры магии и любви,2025,False,твердый переплет,Hardcover,4870,20.0,6088.0,1218.0,Mid (3-5k),49,99.39,5.0,11,2.4849066497880004,2026-04-27,In stock,Фантастика,Medium (15-30%),False,New
Злой король,Freedom,2019,False,твердый переплет,Hardcover,3290,0.0,3290.0,0.0,Mid (3-5k),33,99.7,4.9,183,5.110637042456807,2026-04-27,In stock,Фантастика,Minimal (0-5%),False,Classic/Old
Бегущий в Лабиринте,Аст,2021,False,твердый переплет,Hardcover,4060,0.0,4060.0,0.0,Mid (3-5k),41,99.02,5.0,27,3.332204510175204,2026-04-27,In stock,Фантастика,Minimal (0-5%),False,Classic/Old
Перси Джексон и проклятие титана,Эксмо,2022,False,твердый переплет,Hardcover,3919,20.0,4899.0,980.0,Mid (3-5k),39,100.49,4.9,17,2.8325643227382415,2026-04-27,In stock,Фантастика,Medium (15-30%),False,Classic/Old
Крах и восход,Аст,2018,False,твердый переплет,Hardcover,4821,0.0,4821.0,0.0,Mid (3-5k),48,100.44,4.9,67,4.135117551072585,2026-04-27,In stock,Фантастика,Minimal (0-5%),False,Classic/Old
1984,Аст,2022,False,твердый переплет,Hardcover,1752,0.0,1752.0,0.0,Economy (1.5-3k),18,97.33,4.9,19,2.935817628082911,2026-04-27,In stock,Фантастика,Minimal (0-5%),False,Classic/Old
Метро 2034,Аст,2019,False,твердый переплет,Hardcover,9781,0.0,9781.0,0.0,Luxury (8k+),98,99.81,5.0,20,3.044522437723423,2026-04-27,In stock,Фантастика,Minimal (0-5%),False,Classic/Old
Властелин колец,Аст,2016,False,твердый переплет,Hardcover,16331,0.0,16331.0,0.0,Luxury (8k+),163,100.19,4.9,110,4.615339597286088,2026-04-27,In stock,Фантастика,Minimal (0-5%),False,Classic/Old
Система «Спаси-Себя-Сам» для Главного Злодея. Том 1,Эксмо,2023,False,твердый переплет,Hardcover,8965,20.0,11206.0,2241.0,Luxury (8k+),90,99.61,5.0,123,4.820281565605037,2026-04-27,In stock,Фантастика,Medium (15-30%),False,Classic/Old
Легендо,Freedom,2022,False,твердый переплет,Hardcover,5706,0.0,5706.0,0.0,Premium (5-8k),57,100.11,4.7,29,3.1971255387624264,2026-04-27,In stock,Фантастика,Minimal (0-5%),False,Classic/Old
Последнее желание. Меч предназначения,Аст,2020,False,твердый переплет,Hardcover,4812,25.0,6416.0,1604.0,Mid (3-5k),48,100.25,5.0,33,3.5263605246161616,2026-04-27,In stock,Фантастика,Medium (15-30%),False,Classic/Old
Вавилон. Сокрытая история,Fanzon. fantasy world. большой покет с клапанами,2024,False,мягкая обложка,Paperback,5412,0.0,5412.0,0.0,Premium (5-8k),54,100.22,4.9,11,2.4352085167922404,2026-04-27,In stock,Фантастика,Minimal (0-5%),False,New
Во главе обмана,Эксмо,2026,False,твердый переплет,Hardcover,4386,20.0,5482.0,1096.0,Mid (3-5k),44,99.68,,0,,2026-04-27,In stock,Фантастика,Medium (15-30%),False,New
Морана и Тень. Плетущая,Черным-бело,2025,False,твердый переплет,Hardcover,4525,0.0,4525.0,0.0,Mid (3-5k),45,100.56,5.0,50,3.9318256327243257,2026-04-27,In stock,Фантастика,Minimal (0-5%),False,New
Куджо,Аст,2025,False,твердый переплет,Hardcover,3933,0.0,3933.0,0.0,Mid (3-5k),39,100.85,4.6,19,2.7560736916696715,2026-04-27,In stock,Фантастика,Minimal (0-5%),False,New
Мессия Дюны. Дети Дюны,Аст,2024,False,твердый переплет,Hardcover,10375,0.0,10375.0,0.0,Luxury (8k+),104,99.76,5.0,6,1.9459101490553132,2026-04-27,In stock,Фантастика,Minimal (0-5%),False,New
Перси Джексон и похититель молний,Эксмо,2022,False,твердый переплет,Hardcover,3919,20.0,4899.0,980.0,Mid (3-5k),39,100.49,5.0,15,2.772588722239781,2026-04-27,In stock,Фантастика,Medium (15-30%),False,Classic/Old
Песнь Кали,Аст,2025,False,мягкая обложка,Paperback,2189,0.0,2189.0,0.0,Economy (1.5-3k),22,99.5,5.0,11,2.4849066497880004,2026-04-27,In stock,Фантастика,Minimal (0-5%),False,New
Баллада о змеях и певчих птицах,Аст,2020,False,твердый переплет,Hardcover,4948,0.0,4948.0,0.0,Mid (3-5k),49,100.98,4.9,62,4.060272031863702,2026-04-27,In stock,Фантастика,Minimal (0-5%),False,Classic/Old
Король в жёлтом,Аст,2024,False,мягкая обложка,Paperback,1816,0.0,1816.0,0.0,Economy (1.5-3k),18,100.89,4.6,8,2.021446611149322,2026-04-27,In stock,Фантастика,Minimal (0-5%),False,New
Демон из Пустоши. Колдун Российской империи,Эксмо,2024,False,твердый переплет,Hardcover,4186,20.0,5232.0,1046.0,Mid (3-5k),42,99.67,5.0,29,3.4011973816621555,2026-04-27,In stock,Фантастика,Medium (15-30%),False,New
Принц Ардена,Freedom,2023,False,твердый переплет,Hardcover,4603,20.0,5754.0,1151.0,Mid (3-5k),46,100.07,4.8,68,4.064742244413369,2026-04-27,In stock,Фантастика,Medium (15-30%),False,Classic/Old
Таймлесс. Сапфировая книга,Робинс,2021,False,твердый переплет,Hardcover,3022,20.0,3778.0,756.0,Mid (3-5k),30,100.73,4.8,44,3.654395990179507,2026-04-27,In stock,Фантастика,Medium (15-30%),False,Classic/Old
Дюна,Аст,2023,False,твердый переплет,Hardcover,9781,0.0,9781.0,0.0,Luxury (8k+),98,99.81,5.0,62,4.143134726391533,2026-04-27,In stock,Фантастика,Minimal (0-5%),False,Classic/Old
Сага о Видящих. Книги 1 и 2. Королевский убийца,Азбука,2017,False,твердый переплет,Hardcover,9014,25.0,12019.0,3005.0,Luxury (8k+),90,100.16,4.9,23,3.114492753740987,2026-04-27,In stock,Фантастика,Medium (15-30%),False,Classic/Old
Таймлесс. Изумрудная книга,Робинс,2020,False,твердый переплет,Hardcover,3524,20.0,4405.0,881.0,Mid (3-5k),35,100.69,4.9,42,3.6859761133796916,2026-04-27,In stock,Фантастика,Medium (15-30%),False,Classic/Old
Мобильник,Астрель,2018,False,твердый переплет,Hardcover,4356,0.0,4356.0,0.0,Mid (3-5k),44,99.0,4.9,7,2.037852710846239,2026-04-27,In stock,Фантастика,Minimal (0-5%),False,Classic/Old
Худеющий,Аст,2022,False,мягкая обложка,Paperback,2301,0.0,2301.0,0.0,Economy (1.5-3k),23,100.04,4.6,30,3.1592682281263342,2026-04-27,In stock,Фантастика,Minimal (0-5%),False,Classic/Old
Хозяйка Дьявола,Clever,2025,False,твердый переплет,Hardcover,5012,20.0,6265.0,1253.0,Premium (5-8k),50,100.24,5.0,6,1.9459101490553132,2026-04-27,In stock,Фантастика,Medium (15-30%),False,New
Мирабель. Как трудно быть послушным!,Эксмо,2022,False,твердый переплет,Hardcover,3806,20.0,4758.0,952.0,Mid (3-5k),38,100.16,5.0,2,1.0986122886681096,2026-04-27,In stock,Фантастика,Medium (15-30%),False,Classic/Old
Голодные игры. И вспыхнет пламя. Сойка-пересмешница,Аст,2015,False,твердый переплет,Hardcover,10375,0.0,10375.0,0.0,Luxury (8k+),104,99.76,4.9,133,4.799883003951893,2026-04-27,In stock,Фантастика,Minimal (0-5%),False,Classic/Old
"Франкенштейн, или Современный Прометей",Аст,2015,False,мягкая обложка,Paperback,1887,0.0,1887.0,0.0,Economy (1.5-3k),19,99.32,4.6,48,3.580474674261776,2026-04-27,In stock,Фантастика,Minimal (0-5%),False,Classic/Old
Искра вечного пламени,Кислород,2025,False,твердый переплет,Hardcover,6491,0.0,6491.0,0.0,Premium (5-8k),65,99.86,5.0,4,1.6094379124341003,2026-04-27,In stock,Фантастика,Minimal (0-5%),False,New
Четыре жизни Хелен Ламберт,Эксмо,2026,False,мягкая обложка,Paperback,3919,20.0,4899.0,980.0,Mid (3-5k),39,100.49,4.7,36,3.394262837885571,2026-04-27,In stock,Фантастика,Medium (15-30%),False,New
Маленькая злая книга 4,Эксмо,2022,False,твердый переплет,Hardcover,3919,20.0,4899.0,980.0,Mid (3-5k),39,100.49,5.0,37,3.6375861597263857,2026-04-27,In stock,Фантастика,Medium (15-30%),False,Classic/Old
Игра Джералда,Аст,2014,False,твердый переплет,Hardcover,3637,0.0,3637.0,0.0,Mid (3-5k),36,101.03,4.6,41,3.4386560488206985,2026-04-27,In stock,Фантастика,Minimal (0-5%),False,Classic/Old
Королевство шипов и роз,Азбука,2023,False,суперобложка,Supercover,5476,20.0,6845.0,1369.0,Premium (5-8k),55,99.56,4.9,67,4.135117551072585,2026-04-27,In stock,Фантастика,Medium (15-30%),False,Classic/Old
Неночь,Аст,2018,False,твердый переплет,Hardcover,7188,0.0,7188.0,0.0,Premium (5-8k),72,99.83,4.7,53,3.7496450037704183,2026-04-27,In stock,Фантастика,Minimal (0-5%),False,Classic/Old
Темная башня,Аст,2013,False,твердый переплет,Hardcover,5242,0.0,5242.0,0.0,Premium (5-8k),52,100.81,4.7,9,2.1644299874144033,2026-04-27,In stock,Фантастика,Minimal (0-5%),False,Classic/Old
Амур и Психея. Повелители сердец,Clever,2025,False,мягкая обложка,Paperback,2645,25.0,3527.0,882.0,Economy (1.5-3k),26,101.73,4.9,70,4.17742627950049,2026-04-27,In stock,Фантастика,Medium (15-30%),False,New
Пир стервятников,Астрель,2012,False,твердый переплет,Hardcover,11066,0.0,11066.0,0.0,Luxury (8k+),111,99.69,5.0,12,2.5649493574615367,2026-04-27,In stock,Фантастика,Minimal (0-5%),False,Classic/Old
Vita Nostra,Эксмо,2023,False,мягкая обложка,Paperback,3919,20.0,4899.0,980.0,Mid (3-5k),39,100.49,4.7,14,2.5455671890360776,2026-04-27,In stock,Фантастика,Medium (15-30%),False,Classic/Old
Однажды разбитое сердце,Freedom,2022,False,твердый переплет,Hardcover,5134,20.0,6418.0,1284.0,Premium (5-8k),51,100.67,5.0,9,2.302585092994046,2026-04-27,In stock,Фантастика,Medium (15-30%),False,Classic/Old
Граф Монте-Кристо. Комплект из 2 книг,Эксмо,2020,False,твердый переплет,Hardcover,7218,20.0,9022.0,1804.0,Premium (5-8k),72,100.25,4.9,29,3.3331734340289128,2026-04-27,In stock,Романы,Medium (15-30%),False,Classic/Old
"Комплект книг Анны Джейн «По осколкам твоего сердца», «Твое сердце будет разбито»",Clever,2024,False,твердый переплет,Hardcover,4496,25.0,5995.0,1499.0,Mid (3-5k),45,99.91,4.8,5,1.7200890904589328,2026-04-27,In stock,Романы,Medium (15-30%),False,New
Сильнее ветра. Горизонт свободы,Аст,2025,False,мягкая обложка,Paperback,4652,0.0,4652.0,0.0,Mid (3-5k),47,98.98,5.0,6,1.9459101490553132,2026-04-27,In stock,Романы,Minimal (0-5%),False,New
Лунная тропа,Эксмо,2021,False,зарубежный романтический бестселлер. романы сары джио (обложка),Paperback,2014,20.0,2518.0,504.0,Economy (1.5-3k),20,100.7,4.9,56,3.9621902424778597,2026-04-27,In stock,Романы,Medium (15-30%),False,Classic/Old
Убежище,Аст,2022,False,твердый переплет,Hardcover,5876,0.0,5876.0,0.0,Premium (5-8k),59,99.59,5.0,35,3.58351893845611,2026-04-27,In stock,Романы,Minimal (0-5%),False,Classic/Old
Искра жизни,Аст,2015,False,мягкая обложка,Paperback,2879,0.0,2879.0,0.0,Economy (1.5-3k),29,99.28,4.9,53,3.9092043656329896,2026-04-27,In stock,Романы,Minimal (0-5%),False,Classic/Old
Изменить 6-го,Азбука,2024,False,мягкая обложка,Paperback,8164,15.0,9605.0,1441.0,Luxury (8k+),82,99.56,4.9,27,3.2655604199717,2026-04-27,In stock,Романы,Low (5-15%),False,New
Тайна повесы,Аст,2022,False,твердый переплет,Hardcover,4060,0.0,4060.0,0.0,Mid (3-5k),41,99.02,4.8,20,2.922741540214486,2026-04-27,In stock,Романы,Minimal (0-5%),False,Classic/Old
Импринт,Аст,2024,False,твердый переплет,Hardcover,4356,0.0,4356.0,0.0,Mid (3-5k),44,99.0,4.9,21,3.02922160429115,2026-04-27,In stock,Романы,Minimal (0-5%),False,New
Жестокий век,Азбука,2023,False,твердый переплет,Hardcover,6938,20.0,8672.0,1734.0,Premium (5-8k),69,100.55,4.8,18,2.8266614199997826,2026-04-27,In stock,Романы,Medium (15-30%),False,Classic/Old
Твое сердце будет разбито,Clever,2022,False,твердый переплет,Hardcover,3611,20.0,4514.0,903.0,Mid (3-5k),36,100.31,4.8,219,5.177882444498266,2026-04-27,In stock,Романы,Medium (15-30%),False,Classic/Old
Испорченный король,Аст,2024,False,твердый переплет,Hardcover,4821,0.0,4821.0,0.0,Mid (3-5k),48,100.44,4.8,40,3.5650291840361357,2026-04-27,In stock,Романы,Minimal (0-5%),False,New
Разрушительная ложь,Inspiria,2024,False,мягкая обложка,Paperback,4356,0.0,4356.0,0.0,Mid (3-5k),44,99.0,4.6,48,3.580474674261776,2026-04-27,In stock,Романы,Minimal (0-5%),False,New
Дочь священника,Аст,2022,False,мягкая обложка,Paperback,2133,0.0,2133.0,0.0,Economy (1.5-3k),21,101.57,4.8,30,3.2966277163057405,2026-04-27,In stock,Романы,Minimal (0-5%),False,Classic/Old
Охотясь на Аделин. Специальное издание,Аст,2024,False,твердый переплет,Hardcover,7775,0.0,7775.0,0.0,Premium (5-8k),78,99.68,4.9,21,3.02922160429115,2026-04-27,In stock,Романы,Minimal (0-5%),False,New
Испорченный,Аст,2022,False,твердый переплет,Hardcover,5538,0.0,5538.0,0.0,Premium (5-8k),55,100.69,4.7,62,3.8945466428080406,2026-04-27,In stock,Романы,Minimal (0-5%),False,Classic/Old
Тошнота,Аст,2013,False,мягкая обложка,Paperback,2301,0.0,2301.0,0.0,Economy (1.5-3k),23,100.04,4.8,39,3.541324275949379,2026-04-27,In stock,Романы,Minimal (0-5%),False,Classic/Old
Сёгун,Иностранка,2022,False,твердый переплет,Hardcover,10976,15.0,12913.0,1937.0,Luxury (8k+),110,99.78,4.7,23,2.9873706005270693,2026-04-27,In stock,Романы,Low (5-15%),False,Classic/Old
Поющие в терновнике,Аст,2014,False,твердый переплет,Hardcover,4229,0.0,4229.0,0.0,Mid (3-5k),42,100.69,4.9,65,4.105861647185897,2026-04-27,In stock,Романы,Minimal (0-5%),False,Classic/Old
Война и мир. Книга 1,Аст,2015,False,мягкая обложка,Paperback,2239,0.0,2239.0,0.0,Economy (1.5-3k),22,101.77,4.8,25,3.127772676500623,2026-04-27,In stock,Романы,Minimal (0-5%),False,Classic/Old
Запрети любить,Clever,2025,False,твердый переплет,Hardcover,4923,15.0,5792.0,869.0,Mid (3-5k),49,100.47,5.0,8,2.1972245773362196,2026-04-27,In stock,Романы,Low (5-15%),False,New
По осколкам твоего сердца,Clever,2025,False,твердый переплет,Hardcover,4215,25.0,5620.0,1405.0,Mid (3-5k),42,100.36,4.8,6,1.8680737430931007,2026-04-27,In stock,Романы,Medium (15-30%),False,New
Алхимик,Аст,2019,False,твердый переплет,Hardcover,4948,0.0,4948.0,0.0,Mid (3-5k),49,100.98,4.8,37,3.49208271333733,2026-04-27,In stock,Романы,Minimal (0-5%),False,Classic/Old
"Человек, который смеется",Аст,2022,False,мягкая обложка,Paperback,2133,0.0,2133.0,0.0,Economy (1.5-3k),21,101.57,4.7,117,4.484443546997725,2026-04-27,In stock,Романы,Minimal (0-5%),False,Classic/Old
"Разреши любить. Навсегда со мной, навсегда моя",Clever,2025,False,твердый переплет,Hardcover,2641,25.0,3521.0,880.0,Economy (1.5-3k),26,101.58,4.9,18,2.8855501995831117,2026-04-27,In stock,Романы,Medium (15-30%),False,New
Где властвует любовь,Аст,2022,False,твердый переплет,Hardcover,4060,0.0,4060.0,0.0,Mid (3-5k),41,99.02,4.9,45,3.7520685685593134,2026-04-27,In stock,Романы,Minimal (0-5%),False,Classic/Old
Разрушительная любовь,Inspiria,2023,False,мягкая обложка,Paperback,4356,0.0,4356.0,0.0,Mid (3-5k),44,99.0,4.6,134,4.512852796163355,2026-04-27,In stock,Романы,Minimal (0-5%),False,Classic/Old
Цветы для Элджернона,Эксклюзивная фантастика,2022,False,твердый переплет,Hardcover,3388,20.0,4235.0,847.0,Mid (3-5k),34,99.65,4.9,240,5.375100994820842,2026-04-27,In stock,Романы,Medium (15-30%),False,Classic/Old
Али и Нино,Азбука,2022,False,the big book (мягкая обложка),Paperback,2135,20.0,2669.0,534.0,Economy (1.5-3k),21,101.67,4.6,37,3.3465792669482743,2026-04-27,In stock,Романы,Medium (15-30%),False,Classic/Old
Разрушительная игра,Inspiria,2023,False,мягкая обложка,Paperback,4356,0.0,4356.0,0.0,Mid (3-5k),44,99.0,4.7,94,4.280644278104509,2026-04-27,In stock,Романы,Minimal (0-5%),False,Classic/Old
Коварная ложь,Аст,2025,False,твердый переплет,Hardcover,8594,0.0,8594.0,0.0,Luxury (8k+),86,99.93,5.0,3,1.3862943611198906,2026-04-27,In stock,Романы,Minimal (0-5%),False,New
Непокорная невеста,Аст,2024,False,твердый переплет,Hardcover,2639,35.0,4060.0,1421.0,Economy (1.5-3k),26,101.5,5.0,3,1.3862943611198906,2026-04-27,In stock,Романы,High (30%+),False,New
Узорный покров,Аст,2016,False,мягкая обложка,Paperback,2444,0.0,2444.0,0.0,Economy (1.5-3k),24,101.83,5.0,43,3.784189633918261,2026-04-27,In stock,Романы,Minimal (0-5%),False,Classic/Old
Кровавый меридиан,Азбука,2023,False,the big book (мягкая обложка),Paperback,2280,20.0,2850.0,570.0,Economy (1.5-3k),23,99.13,4.8,40,3.5650291840361357,2026-04-27,In stock,Романы,Medium (15-30%),False,Classic/Old
"Махаббат, қызық мол жылдар",Фолиант,2021,False,мягкая обложка,Paperback,1950,20.0,2438.0,488.0,Economy (1.5-3k),20,97.5,4.7,29,3.1971255387624264,2026-04-27,In stock,Романы,Medium (15-30%),False,Classic/Old
Граф и гувернантка,Аст,2025,False,твердый переплет,Hardcover,4060,0.0,4060.0,0.0,Mid (3-5k),41,99.02,5.0,3,1.3862943611198906,2026-04-27,In stock,Романы,Minimal (0-5%),False,New
Почему мы болеем и как это остановить,Эксмо,2018,False,твердый переплет,Hardcover,2969,40.0,4948.0,1979.0,Economy (1.5-3k),30,98.97,,0,,2026-04-27,In stock,Романы,High (30%+),False,Classic/Old
Стигмалион,Аст,2018,False,твердый переплет,Hardcover,4948,0.0,4948.0,0.0,Mid (3-5k),49,100.98,4.8,178,4.979890373607125,2026-04-27,In stock,Романы,Minimal (0-5%),False,Classic/Old
Таис Афинская,Азбука,2021,False,твердый переплет,Hardcover,2100,15.0,2471.0,371.0,Economy (1.5-3k),21,100.0,4.7,41,3.5134094411863663,2026-04-27,In stock,Романы,Low (5-15%),False,Classic/Old
Граф Монте-Кристо. Книга 1,Аст,2021,False,твердый переплет,Hardcover,2189,0.0,2189.0,0.0,Economy (1.5-3k),22,99.5,4.9,42,3.6859761133796916,2026-04-27,In stock,Романы,Minimal (0-5%),False,Classic/Old
Проклятые короли,Иностранка,2023,False,твердый переплет,Hardcover,7408,25.0,9877.0,2469.0,Premium (5-8k),74,100.11,5.0,9,2.302585092994046,2026-04-27,In stock,Романы,Medium (15-30%),False,Classic/Old
Чудо любви,Аст,2022,False,мягкая обложка,Paperback,2301,0.0,2301.0,0.0,Economy (1.5-3k),23,100.04,5.0,36,3.6109179126442243,2026-04-27,In stock,Романы,Minimal (0-5%),False,Classic/Old
Буквы Севера. Последний аккорд Севера,Freedom,2025,False,твердый переплет,Hardcover,4652,0.0,4652.0,0.0,Mid (3-5k),47,98.98,5.0,2,1.0986122886681096,2026-04-27,In stock,Романы,Minimal (0-5%),False,New
Ночь в Лиссабоне,Аст,2019,False,твердый переплет,Hardcover,4229,0.0,4229.0,0.0,Mid (3-5k),42,100.69,5.0,28,3.367295829986474,2026-04-27,In stock,Романы,Minimal (0-5%),False,Classic/Old
Спеши любить,Аст,2022,False,мягкая обложка,Paperback,2069,0.0,2069.0,0.0,Economy (1.5-3k),21,98.52,4.8,100,4.4305156961676095,2026-04-27,In stock,Романы,Minimal (0-5%),False,Classic/Old
Баллада о проклятой любви (#2),Freedom,2025,False,твердый переплет,Hardcover,5134,20.0,6418.0,1284.0,Premium (5-8k),51,100.67,5.0,7,2.0794415416798357,2026-04-27,In stock,Романы,Medium (15-30%),False,New
Мара и Морок. 500 лет назад,Эксмо,2021,False,твердый переплет,Hardcover,4186,20.0,5232.0,1046.0,Mid (3-5k),42,99.67,4.9,50,3.8531891200698394,2026-04-27,In stock,Романы,Medium (15-30%),False,Classic/Old
"Там, где живет любовь",Эксмо,2020,False,твердый переплет,Hardcover,3653,20.0,4566.0,913.0,Mid (3-5k),37,98.73,4.8,60,3.9464389096063788,2026-04-27,In stock,Романы,Medium (15-30%),False,Classic/Old
Чувство и чувствительность,Аст,2016,False,мягкая обложка,Paperback,1816,0.0,1816.0,0.0,Economy (1.5-3k),18,100.89,4.8,68,4.064742244413369,2026-04-27,In stock,Романы,Minimal (0-5%),False,Classic/Old
Романы Анны Джейн в кинообложках. Твое сердце будет разбито,Clever,2025,False,твердый переплет,Hardcover,3372,25.0,4496.0,1124.0,Mid (3-5k),34,99.18,5.0,5,1.791759469228055,2026-04-27,In stock,Романы,Medium (15-30%),False,New
Наша вина,Аст,2023,False,твердый переплет,Hardcover,5242,0.0,5242.0,0.0,Premium (5-8k),52,100.81,4.9,48,3.813983892148414,2026-04-27,In stock,Романы,Minimal (0-5%),False,Classic/Old
Все в его поцелуе,Аст,2023,False,твердый переплет,Hardcover,4060,0.0,4060.0,0.0,Mid (3-5k),41,99.02,4.9,16,2.7765490771750923,2026-04-27,In stock,Романы,Minimal (0-5%),False,Classic/Old
Граф Монте-Кристо.  Книга 2,Аст,2021,False,твердый переплет,Hardcover,2133,0.0,2133.0,0.0,Economy (1.5-3k),21,101.57,5.0,30,3.4339872044851463,2026-04-27,In stock,Романы,Minimal (0-5%),False,Classic/Old
На пути к свадьбе,Аст,2023,False,твердый переплет,Hardcover,4060,0.0,4060.0,0.0,Mid (3-5k),41,99.02,5.0,24,3.2188758248682006,2026-04-27,In stock,Романы,Minimal (0-5%),False,Classic/Old
Грозовой перевал,Азбука - классика,,True,мягкая обложка,Paperback,1845,20.0,2306.0,461.0,Economy (1.5-3k),18,102.5,4.9,27,3.2655604199717,2026-04-27,In stock,Романы,Medium (15-30%),,Classic/Old
Доводы рассудка,Аст,2019,False,мягкая обложка,Paperback,1696,0.0,1696.0,0.0,Economy (1.5-3k),17,99.76,4.7,82,4.153710171328803,2026-04-27,In stock,Романы,Minimal (0-5%),False,Classic/Old
Твоё сердце будет разбито,Clever,2022,False,твердый переплет,Hardcover,3611,20.0,4514.0,903.0,Mid (3-5k),36,100.31,4.9,114,4.650033485795985,2026-04-27,In stock,Романы,Medium (15-30%),False,Classic/Old
Кухарка из Кастамара,Дом историй,2025,False,твердая обложка,Hardcover,5584,35.0,8591.0,3007.0,Premium (5-8k),56,99.71,5.0,3,1.3862943611198906,2026-04-27,In stock,Романы,High (30%+),False,New
Всё из-за тебя,Like book,2023,False,твердый переплет,Hardcover,3653,20.0,4566.0,913.0,Mid (3-5k),37,98.73,4.9,37,3.5648344365318585,2026-04-27,In stock,Романы,Medium (15-30%),False,Classic/Old
Три мушкетера,Аст,2022,False,мягкая обложка,Paperback,2069,0.0,2069.0,0.0,Economy (1.5-3k),21,98.52,4.6,8,2.021446611149322,2026-04-27,In stock,Романы,Minimal (0-5%),False,Classic/Old
Происхождение,Аст,2023,False,мягкая обложка,Paperback,3175,0.0,3175.0,0.0,Mid (3-5k),32,99.22,5.0,14,2.70805020110221,2026-04-27,In stock,Боевики,Minimal (0-5%),False,Classic/Old
Трагедия в трех актах,Эксмо,2022,False,мягкая обложка,Paperback,2198,20.0,2748.0,550.0,Economy (1.5-3k),22,99.91,4.9,25,3.1929346072610527,2026-04-27,In stock,Боевики,Medium (15-30%),False,Classic/Old
Пятьдесят на пятьдесят,Inspiria,2025,False,твердый переплет,Hardcover,4338,20.0,5422.0,1084.0,Mid (3-5k),43,100.88,5.0,2,1.0986122886681096,2026-04-27,In stock,Боевики,Medium (15-30%),False,New
Труп в библиотеке,Эксмо,2019,False,мягкая обложка,Paperback,2748,0.0,2748.0,0.0,Economy (1.5-3k),27,101.78,4.8,193,5.0571438327007945,2026-04-27,In stock,Боевики,Minimal (0-5%),False,Classic/Old
Зло под солнцем,Эксмо,2022,False,мягкая обложка,Paperback,2198,20.0,2748.0,550.0,Economy (1.5-3k),22,99.91,4.9,35,3.511848559686988,2026-04-27,In stock,Боевики,Medium (15-30%),False,Classic/Old
Загадка Эндхауза,Эксмо,2021,False,мягкая обложка,Paperback,2198,20.0,2748.0,550.0,Economy (1.5-3k),22,99.91,4.9,40,3.6393006253702223,2026-04-27,In stock,Боевики,Medium (15-30%),False,Classic/Old
Темная Башня,Аст,2021,False,твердый переплет,Hardcover,11563,0.0,11563.0,0.0,Luxury (8k+),116,99.68,5.0,5,1.791759469228055,2026-04-27,In stock,Боевики,Minimal (0-5%),False,Classic/Old
Исчезновение Стефани Мейлер,Аст,2019,False,твердый переплет,Hardcover,8594,0.0,8594.0,0.0,Luxury (8k+),86,99.93,4.4,9,2.0262748818347607,2026-04-27,In stock,Боевики,Minimal (0-5%),False,Classic/Old
Пять поросят,Эксмо,2020,False,мягкая обложка,Paperback,2198,20.0,2748.0,550.0,Economy (1.5-3k),22,99.91,4.9,34,3.4842411002596254,2026-04-27,In stock,Боевики,Medium (15-30%),False,Classic/Old
Черный кофе,Эксмо,2021,False,мягкая обложка,Paperback,2198,20.0,2748.0,550.0,Economy (1.5-3k),22,99.91,4.8,173,4.952693087245947,2026-04-27,In stock,Боевики,Medium (15-30%),False,Classic/Old
Маленький друг,Corpus,2015,False,твердый переплет,Hardcover,8594,0.0,8594.0,0.0,Luxury (8k+),86,99.93,4.9,15,2.7171369477949856,2026-04-28,Preorder,Боевики,Minimal (0-5%),False,Classic/Old
После похорон,Эксмо,2019,False,мягкая обложка,Paperback,2198,20.0,2748.0,550.0,Economy (1.5-3k),22,99.91,4.9,30,3.3653074603954436,2026-04-27,In stock,Боевики,Medium (15-30%),False,Classic/Old
Гончие Лилит,Аст,2018,False,твердый переплет,Hardcover,5242,0.0,5242.0,0.0,Premium (5-8k),52,100.81,4.8,148,4.80378845370764,2026-04-27,In stock,Боевики,Minimal (0-5%),False,Classic/Old
Потерянные девушки Рима,Азбука,2018,False,звезды мирового детектива (обложка),Paperback,2457,20.0,3071.0,614.0,Economy (1.5-3k),25,98.28,4.7,61,3.879506321942386,2026-04-27,In stock,Боевики,Medium (15-30%),False,Classic/Old
Парфюмер. История одного убийцы,Азбука,2018,False,мягкая обложка,Paperback,2392,15.0,2814.0,422.0,Economy (1.5-3k),24,99.67,4.8,88,4.309090914942854,2026-04-27,In stock,Боевики,Low (5-15%),False,Classic/Old
Малютка,Синдбад,2024,False,мягкая обложка,Paperback,5885,25.0,7847.0,1962.0,Premium (5-8k),59,99.75,5.0,2,1.0986122886681096,2026-04-27,In stock,Боевики,Medium (15-30%),False,New
Фокус с зеркалами,Эксмо,2022,False,мягкая обложка,Paperback,2198,20.0,2748.0,550.0,Economy (1.5-3k),22,99.91,4.8,21,2.9674007552239834,2026-04-27,In stock,Боевики,Medium (15-30%),False,Classic/Old
Пуаро ведет следствие,Эксмо,2022,False,мягкая обложка,Paperback,2198,20.0,2748.0,550.0,Economy (1.5-3k),22,99.91,4.9,35,3.511848559686988,2026-04-27,In stock,Боевики,Medium (15-30%),False,Classic/Old
Смерть лорда Эджвера,Эксмо,2020,False,мягкая обложка,Paperback,2070,20.0,2588.0,518.0,Economy (1.5-3k),21,98.57,5.0,25,3.258096538021482,2026-04-27,In stock,Боевики,Medium (15-30%),False,Classic/Old
Тайна замка Чимниз,Эксмо,2018,False,мягкая обложка,Paperback,2198,20.0,2748.0,550.0,Economy (1.5-3k),22,99.91,5.0,16,2.833213344056216,2026-04-27,In stock,Боевики,Medium (15-30%),False,Classic/Old
Trendbooks. Романы Анны Джейн. Поклонник. Подарочное издание,Clever,2025,False,твердый переплет,Hardcover,4215,25.0,5620.0,1405.0,Mid (3-5k),42,100.36,5.0,10,2.3978952727983707,2026-04-27,In stock,Боевики,Medium (15-30%),False,New
Щегол,Corpus,2015,False,твердый переплет,Hardcover,9790,0.0,9790.0,0.0,Luxury (8k+),98,99.9,4.9,109,4.6064707584765685,2026-04-27,In stock,Боевики,Minimal (0-5%),False,Classic/Old
Парфюмер. История одного убийцы,Азбука-бестселлер,2015,False,твердый переплет,Hardcover,5919,15.0,6964.0,1045.0,Premium (5-8k),59,100.32,4.9,24,3.1544983083708367,2026-04-27,In stock,Боевики,Low (5-15%),False,Classic/Old
Цыганская невеста,Синдбад,2023,False,твердый переплет,Hardcover,5819,25.0,7759.0,1940.0,Premium (5-8k),58,100.33,5.0,3,1.3862943611198906,2026-04-27,In stock,Боевики,Medium (15-30%),False,Classic/Old
Убийства по алфавиту. Немой свидетель. Труп в библиотеке. Комплект из 5 книг,Эксмо,2025,False,агата кристи. любимая коллекция (обложка),Paperback,9406,20.0,11758.0,2352.0,Luxury (8k+),94,100.06,5.0,1,0.6931471805599453,2026-04-27,In stock,Боевики,Medium (15-30%),False,New
Бегущий в Лабиринте. Лекарство от смерти,Аст,2018,False,твердый переплет,Hardcover,4060,0.0,4060.0,0.0,Mid (3-5k),41,99.02,4.9,19,2.935817628082911,2026-04-27,In stock,Боевики,Minimal (0-5%),False,Classic/Old
Портрет Дориана Грея,Азбука,2022,False,твердый переплет,Hardcover,2100,15.0,2471.0,371.0,Economy (1.5-3k),21,100.0,4.9,170,5.038830285372607,2026-04-27,In stock,Боевики,Low (5-15%),False,Classic/Old
Тайна мёртвого ректора. Книга 2,Эксмо,2025,False,твердый переплет,Hardcover,4186,20.0,5232.0,1046.0,Mid (3-5k),42,99.67,5.0,12,2.5649493574615367,2026-04-27,In stock,Боевики,Medium (15-30%),False,New
Пурпурная сеть,Синдбад,2024,False,мягкая обложка,Paperback,5828,25.0,7771.0,1943.0,Premium (5-8k),58,100.48,5.0,1,0.6931471805599453,2026-04-27,In stock,Боевики,Medium (15-30%),False,New
Багдадская встреча,Эксмо,2022,False,мягкая обложка,Paperback,2198,20.0,2748.0,550.0,Economy (1.5-3k),22,99.91,5.0,12,2.5649493574615367,2026-04-27,In stock,Боевики,Medium (15-30%),False,Classic/Old
Подсказчик,Азбука,2019,False,звезды мирового детектива (обложка),Paperback,2353,15.0,2768.0,415.0,Economy (1.5-3k),24,98.04,4.7,49,3.6773016251024573,2026-04-27,In stock,Боевики,Low (5-15%),False,Classic/Old
Глазами жертвы,Inspiria,2024,False,твердый переплет,Hardcover,3388,20.0,4235.0,847.0,Mid (3-5k),34,99.65,5.0,3,1.3862943611198906,2026-04-27,In stock,Боевики,Medium (15-30%),False,New
Двойник с Лунной дамбы. Клатчбук,Эксмо,2025,False,твердый переплет,Hardcover,2857,20.0,3571.0,714.0,Economy (1.5-3k),29,98.52,5.0,4,1.6094379124341003,2026-04-27,In stock,Боевики,Medium (15-30%),False,New
Исчезнувшая,Азбука,2022,False,звезды мирового детектива (обложка),Paperback,2356,15.0,2772.0,416.0,Economy (1.5-3k),24,98.17,4.7,20,2.861851091460018,2026-04-27,In stock,Боевики,Low (5-15%),False,Classic/Old
Токийский Зодиак,Эксмо,2026,False,pocket book (обложка),Paperback,1862,20.0,2328.0,466.0,Economy (1.5-3k),19,98.0,4.9,40,3.6393006253702223,2026-04-27,In stock,Боевики,Medium (15-30%),False,New
Замок в облаках,Робинс,2019,False,твердый переплет,Hardcover,3521,20.0,4401.0,880.0,Mid (3-5k),35,100.6,4.9,23,3.114492753740987,2026-04-27,In stock,Боевики,Medium (15-30%),False,Classic/Old
Шагреневая кожа,Аст,2015,False,мягкая обложка,Paperback,1887,0.0,1887.0,0.0,Economy (1.5-3k),19,99.32,4.7,26,3.0980866540440695,2026-04-27,In stock,Боевики,Minimal (0-5%),False,Classic/Old
Тринадцать загадочных случаев,Эксмо,2021,False,мягкая обложка,Paperback,2198,20.0,2748.0,550.0,Economy (1.5-3k),22,99.91,4.8,104,4.467801936151222,2026-04-27,In stock,Боевики,Medium (15-30%),False,Classic/Old
Безмолвный пациент,Эксмо,2019,False,главный триллер года (обложка с клапанами),Paperback,3539,20.0,4424.0,885.0,Mid (3-5k),35,101.11,5.0,22,3.1354942159291497,2026-04-27,In stock,Боевики,Medium (15-30%),False,Classic/Old
Власть пса,Азбука,2024,False,твердый переплет,Hardcover,7810,15.0,9188.0,1378.0,Premium (5-8k),78,100.13,5.0,1,0.6931471805599453,2026-04-27,In stock,Боевики,Low (5-15%),False,New
Головоломка,Азбука,2023,False,звезды мирового детектива (обложка),Paperback,2336,15.0,2748.0,412.0,Economy (1.5-3k),23,101.57,4.8,64,4.007411779099812,2026-04-27,In stock,Боевики,Low (5-15%),False,Classic/Old
Код да Винчи,Аст,2014,False,мягкая обложка,Paperback,3175,0.0,3175.0,0.0,Mid (3-5k),32,99.22,4.9,58,3.9959866950276055,2026-04-27,In stock,Боевики,Minimal (0-5%),False,Classic/Old
Воспитание бабочек,Азбука,2025,False,твердый переплет,Hardcover,6796,15.0,7995.0,1199.0,Premium (5-8k),68,99.94,,0,,2026-04-27,In stock,Боевики,Low (5-15%),False,New
Тайна пациента,Эксмо,2023,False,высшая лига детектива. романы лорет энн уайт (обложка),Paperback,1919,20.0,2399.0,480.0,Economy (1.5-3k),19,101.0,4.7,17,2.7169494524223947,2026-04-27,In stock,Боевики,Medium (15-30%),False,Classic/Old
Загадка номера 622,Аст,2021,False,твердый переплет,Hardcover,7961,0.0,7961.0,0.0,Premium (5-8k),80,99.51,4.7,15,2.6062333989053945,2026-04-27,In stock,Боевики,Minimal (0-5%),False,Classic/Old
11/22/63,Аст,2020,False,мягкая обложка,Paperback,3637,0.0,3637.0,0.0,Mid (3-5k),36,101.03,4.7,34,3.3420271778000488,2026-04-27,In stock,Боевики,Minimal (0-5%),False,Classic/Old
Десять негритят,Эксмо,2021,False,твердый переплет,Hardcover,4164,15.0,4899.0,735.0,Mid (3-5k),42,99.14,4.8,45,3.675495740629531,2026-04-27,In stock,Боевики,Low (5-15%),False,Classic/Old
Зеленая миля,Аст,2021,False,мягкая обложка,Paperback,2738,0.0,2738.0,0.0,Economy (1.5-3k),27,101.41,4.8,34,3.413134139029837,2026-04-27,In stock,Боевики,Minimal (0-5%),False,Classic/Old
Сияние,Аст,2019,False,мягкая обложка,Paperback,3175,0.0,3175.0,0.0,Mid (3-5k),32,99.22,4.8,32,3.3566472590078207,2026-04-27,In stock,Боевики,Minimal (0-5%),False,Classic/Old
Худеющий,Аст,2015,False,мягкая обложка,Paperback,2239,0.0,2239.0,0.0,Economy (1.5-3k),22,101.77,4.8,54,3.847039857823172,2026-04-27,In stock,Боевики,Minimal (0-5%),False,Classic/Old
Безмолвный пациент,Эксмо,2021,False,мягкая обложка,Paperback,3388,20.0,4235.0,847.0,Mid (3-5k),34,99.65,4.7,30,3.227947972216038,2026-04-27,In stock,Боевики,Medium (15-30%),False,Classic/Old
Ангелы и демоны,Аст,2014,False,мягкая обложка,Paperback,3175,0.0,3175.0,0.0,Mid (3-5k),32,99.22,4.8,61,3.962049009643288,2026-04-27,In stock,Боевики,Minimal (0-5%),False,Classic/Old
Три с половиной оборота,Эксмо,2024,False,твердый переплет,Hardcover,4452,20.0,5565.0,1113.0,Mid (3-5k),45,98.93,,0,,2026-04-27,In stock,Боевики,Medium (15-30%),False,New
Сияние,Аст,2020,False,мягкая обложка,Paperback,3175,0.0,3175.0,0.0,Mid (3-5k),32,99.22,4.5,16,2.549892009650595,2026-04-27,In stock,Боевики,Minimal (0-5%),False,Classic/Old
Рождество Эркюля Пуаро,Эксмо,2019,False,твердый переплет,Hardcover,4338,20.0,5422.0,1084.0,Mid (3-5k),43,100.88,4.9,17,2.8325643227382415,2026-04-27,In stock,Боевики,Medium (15-30%),False,Classic/Old
Приключения Шерлока Холмса,Аст,2018,False,мягкая обложка,Paperback,2133,0.0,2133.0,0.0,Economy (1.5-3k),21,101.57,4.8,47,3.7163529704715748,2026-04-27,In stock,Боевики,Minimal (0-5%),False,Classic/Old
Бойцовский клуб,Аст,2022,False,мягкая обложка,Paperback,2239,0.0,2239.0,0.0,Economy (1.5-3k),22,101.77,5.0,23,3.1780538303479458,2026-04-27,In stock,Боевики,Minimal (0-5%),False,Classic/Old
Загадка Эдгара По,Азбука,2025,False,твердый переплет,Hardcover,7432,15.0,8744.0,1312.0,Premium (5-8k),74,100.43,,0,,2026-04-27,In stock,Боевики,Low (5-15%),False,New
Объявлено убийство,Эксмо,2022,False,мягкая обложка,Paperback,2198,20.0,2748.0,550.0,Economy (1.5-3k),22,99.91,4.9,28,3.299949913386745,2026-04-27,In stock,Боевики,Medium (15-30%),False,Classic/Old
Хирург,Азбука,2023,False,мягкая обложка,Paperback,2017,25.0,2689.0,672.0,Economy (1.5-3k),20,100.85,5.0,34,3.5553480614894135,2026-04-27,In stock,Боевики,Medium (15-30%),False,Classic/Old
Поднятие уровня в одиночку. Solo Leveling,Аст,2024,False,твердый переплет,Hardcover,4948,0.0,4948.0,0.0,Mid (3-5k),49,100.98,4.9,11,2.4352085167922404,2026-04-27,In stock,Манга и комиксы,Minimal (0-5%),False,New
Токийский гуль. Книга 7,Азбука,2021,False,суперобложка,Supercover,10063,15.0,11839.0,1776.0,Luxury (8k+),101,99.63,5.0,5,1.791759469228055,2026-04-27,In stock,Манга и комиксы,Low (5-15%),False,Classic/Old
Поднятие уровня в одиночку. Solo Leveling. Том 9,Аст,2025,False,твердый переплет,Hardcover,10375,0.0,10375.0,0.0,Luxury (8k+),104,99.76,5.0,1,0.6931471805599453,2026-04-28,Preorder,Манга и комиксы,Minimal (0-5%),False,New
Единственный конец злодейки — смерть. Том 8,Миф (манн,2026,False,твердый переплет,Hardcover,6014,40.0,10023.0,4009.0,Premium (5-8k),60,100.23,,0,,2026-05-06,Preorder,Манга и комиксы,High (30%+),False,New
Моя причина умереть. Том 1,Кислород,2025,False,мягкая обложка,Paperback,6606,15.0,7772.0,1166.0,Premium (5-8k),66,100.09,5.0,1,0.6931471805599453,2026-04-27,In stock,Манга и комиксы,Low (5-15%),False,New
Моя геройская академия. Книга 21: Наслоение & Я здесь!,Азбука,2025,False,твердый переплет,Hardcover,8554,15.0,10064.0,1510.0,Luxury (8k+),86,99.47,5.0,2,1.0986122886681096,2026-04-27,In stock,Манга и комиксы,Low (5-15%),False,New
Магическая битва. Книга 10. Колония Токио № 1,Азбука,2024,False,твердый переплет,Hardcover,6252,20.0,7815.0,1563.0,Premium (5-8k),63,99.24,5.0,7,2.0794415416798357,2026-05-06,Preorder,Манга и комиксы,Medium (15-30%),False,New
Поднятие уровня в одиночку. Solo Leveling. Книга 4,Аст,2024,False,твердый переплет,Hardcover,4206,15.0,4948.0,742.0,Mid (3-5k),42,100.14,5.0,8,2.1972245773362196,2026-04-27,In stock,Манга и комиксы,Low (5-15%),False,New
Link Click. Агент времени. Том 4,Комильфо. маньхуа. link click,2024,False,мягкая обложка,Paperback,4175,35.0,6423.0,2248.0,Mid (3-5k),42,99.4,5.0,1,0.6931471805599453,2026-04-27,In stock,Манга и комиксы,High (30%+),False,New
"Блэксэд. Книга 5. Итак, все падает",Азбука,2024,False,твердый переплет,Hardcover,7769,15.0,9140.0,1371.0,Premium (5-8k),78,99.6,5.0,1,0.6931471805599453,2026-04-27,In stock,Манга и комиксы,Low (5-15%),False,New
"Оглянись. Прощай, Эри. Комплект из 2 книг",Азбука,2025,False,суперобложка,Supercover,9220,15.0,10847.0,1627.0,Luxury (8k+),92,100.22,,0,,2026-05-06,Preorder,Манга и комиксы,Low (5-15%),False,New
Человек-бензопила. Книга 11. Простое счастье,Азбука,2024,False,твердый переплет,Hardcover,5891,20.0,7364.0,1473.0,Premium (5-8k),59,99.85,5.0,4,1.6094379124341003,2026-04-28,Preorder,Манга и комиксы,Medium (15-30%),False,New
Магическая битва. Книга 14: Baka Survivor!,Азбука,2025,False,твердый переплет,Hardcover,8554,15.0,10064.0,1510.0,Luxury (8k+),86,99.47,5.0,2,1.0986122886681096,2026-04-28,Preorder,Манга и комиксы,Low (5-15%),False,New
Звериный комплекс. Том 1,Аст,2023,False,твердый переплет,Hardcover,3877,30.0,5539.0,1662.0,Mid (3-5k),39,99.41,5.0,3,1.3862943611198906,2026-04-27,In stock,Манга и комиксы,Medium (15-30%),False,Classic/Old
Поднятие уровня в одиночку. Solo Leveling. Книга 6,Аст,2024,False,твердый переплет,Hardcover,4206,15.0,4948.0,742.0,Mid (3-5k),42,100.14,5.0,4,1.6094379124341003,2026-04-27,In stock,Манга и комиксы,Low (5-15%),False,New
Атака на титанов. Книга 13,Азбука,2021,False,твердый переплет,Hardcover,7990,20.0,9988.0,1998.0,Premium (5-8k),80,99.88,5.0,3,1.3862943611198906,2026-04-27,In stock,Манга и комиксы,Medium (15-30%),False,Classic/Old
One Piece. Книга 11,Азбука,2022,False,твердый переплет,Hardcover,11339,15.0,13340.0,2001.0,Luxury (8k+),113,100.35,,0,,2026-04-28,Preorder,Манга и комиксы,Low (5-15%),False,Classic/Old
"Прощай, Эри",Азбука,2024,False,твердый переплет,Hardcover,4959,20.0,6199.0,1240.0,Mid (3-5k),50,99.18,5.0,1,0.6931471805599453,2026-05-06,Preorder,Манга и комиксы,Medium (15-30%),False,New
Магическая битва. Книга 4,Азбука,2023,False,твердый переплет,Hardcover,6637,15.0,7808.0,1171.0,Premium (5-8k),66,100.56,5.0,9,2.302585092994046,2026-05-06,Preorder,Манга и комиксы,Low (5-15%),False,Classic/Old
Человек-бензопила. Книга 3,Азбука,2022,False,твердый переплет,Hardcover,7180,20.0,8975.0,1795.0,Premium (5-8k),72,99.72,5.0,1,0.6931471805599453,2026-05-06,Preorder,Манга и комиксы,Medium (15-30%),False,Classic/Old
Магическая битва. Книга 5,Азбука,2023,False,твердый переплет,Hardcover,6246,20.0,7808.0,1562.0,Premium (5-8k),62,100.74,5.0,8,2.1972245773362196,2026-05-06,Preorder,Манга и комиксы,Medium (15-30%),False,Classic/Old
Хранители,Азбука,2021,False,твердый переплет,Hardcover,23765,15.0,27959.0,4194.0,Luxury (8k+),238,99.85,5.0,12,2.5649493574615367,2026-04-27,In stock,Манга и комиксы,Low (5-15%),False,Classic/Old
One Piece. Большой куш. Книга 3,Азбука,2021,False,суперобложка,Supercover,7810,20.0,9762.0,1952.0,Premium (5-8k),78,100.13,5.0,9,2.302585092994046,2026-05-06,Preorder,Манга и комиксы,Medium (15-30%),False,Classic/Old
Человек-бензопила. Книга 7,Азбука,2023,False,твердый переплет,Hardcover,4675,20.0,5844.0,1169.0,Mid (3-5k),47,99.47,4.9,11,2.4352085167922404,2026-05-06,Preorder,Манга и комиксы,Medium (15-30%),False,Classic/Old
Человек-бензопила. Комплект из 9 книг,Азбука,2023,False,твердый переплет,Hardcover,48693,15.0,57286.0,8593.0,Luxury (8k+),487,99.99,,0,,2026-04-27,In stock,Манга и комиксы,Low (5-15%),False,Classic/Old
Beastars. Выдающиеся звери. Том 9,Аст,2023,False,твердый переплет,Hardcover,7775,0.0,7775.0,0.0,Premium (5-8k),78,99.68,5.0,2,1.0986122886681096,2026-04-27,In stock,Манга и комиксы,Minimal (0-5%),False,Classic/Old
Однажды я стала принцессой. Том 3,Аст,2024,False,твердый переплет,Hardcover,11066,0.0,11066.0,0.0,Luxury (8k+),111,99.69,4.8,6,1.8680737430931007,2026-05-09,Preorder,Манга и комиксы,Minimal (0-5%),False,New
One Piece. Большой куш. Книга 1,Азбука,2022,False,суперобложка,Supercover,8292,20.0,10365.0,2073.0,Luxury (8k+),83,99.9,5.0,28,3.367295829986474,2026-05-06,Preorder,Манга и комиксы,Medium (15-30%),False,Classic/Old
Naruto. Наруто. Кн. 17. Собрание пяти кагэ,Азбука,2025,False,твердый переплет,Hardcover,8288,20.0,10360.0,2072.0,Luxury (8k+),83,99.86,,0,,2026-05-06,Preorder,Манга и комиксы,Medium (15-30%),False,New
One Piece. Большой куш. Книга 23. Пиратский союз,Азбука,2025,False,твердый переплет,Hardcover,11339,15.0,13340.0,2001.0,Luxury (8k+),113,100.35,,0,,2026-04-28,Preorder,Манга и комиксы,Low (5-15%),False,New
Человек-бензопила. Том 12-13. Комплект их 2 книг,Азбука,2025,False,твердый переплет,Hardcover,8932,15.0,10508.0,1576.0,Luxury (8k+),89,100.36,,0,,2026-05-06,Preorder,Манга и комиксы,Low (5-15%),False,New
Магическая битва. Книга 9. Перелетный гусь,Азбука,2023,False,твердый переплет,Hardcover,6250,20.0,7812.0,1562.0,Premium (5-8k),63,99.21,5.0,7,2.0794415416798357,2026-05-06,Preorder,Манга и комиксы,Medium (15-30%),False,Classic/Old
Магистр дьявольского культа. Том 5,Истари комикс,2024,False,твердый переплет,Hardcover,10620,20.0,13275.0,2655.0,Luxury (8k+),106,100.19,5.0,2,1.0986122886681096,2026-04-27,In stock,Манга и комиксы,Medium (15-30%),False,New
Стальной Алхимик. Книга 12,Азбука,2021,False,суперобложка,Supercover,7728,15.0,9092.0,1364.0,Premium (5-8k),77,100.36,5.0,2,1.0986122886681096,2026-04-27,In stock,Манга и комиксы,Low (5-15%),False,Classic/Old
Магическая битва 0,Азбука,2022,False,суперобложка,Supercover,4666,20.0,5832.0,1166.0,Mid (3-5k),47,99.28,5.0,40,3.713572066704308,2026-05-06,Preorder,Манга и комиксы,Medium (15-30%),False,Classic/Old
Человек-бензопила. Книга 8,Азбука,2023,False,твердый переплет,Hardcover,4526,15.0,5325.0,799.0,Mid (3-5k),45,100.58,5.0,6,1.9459101490553132,2026-05-06,Preorder,Манга и комиксы,Low (5-15%),False,Classic/Old
Человек-бензопила. Книга 2. Убить Дэндзи,Азбука,2022,False,суперобложка,Supercover,7176,20.0,8970.0,1794.0,Premium (5-8k),72,99.67,5.0,5,1.791759469228055,2026-05-06,Preorder,Манга и комиксы,Medium (15-30%),False,Classic/Old
Naruto. Наруто. Книга 1. Наруто Удзумаки,Азбука,2021,False,суперобложка,Supercover,8106,20.0,10132.0,2026.0,Luxury (8k+),81,100.07,4.9,22,3.072784331610567,2026-05-06,Preorder,Манга и комиксы,Medium (15-30%),False,Classic/Old
Звёздное дитя. Книга 1,Азбука,2025,False,суперобложка,Supercover,6550,20.0,8188.0,1638.0,Premium (5-8k),66,99.24,5.0,3,1.3862943611198906,2026-05-06,Preorder,Манга и комиксы,Medium (15-30%),False,New
Человек-бензопила. Книга 15. Два ребёнка,Азбука,2025,False,твердый переплет,Hardcover,4622,20.0,5778.0,1156.0,Mid (3-5k),46,100.48,,0,,2026-05-06,Preorder,Манга и комиксы,Medium (15-30%),False,New
Naruto. Наруто. Книга 6. Бой в Листве. Финал,Азбука,2022,False,твердый переплет,Hardcover,8286,20.0,10358.0,2072.0,Luxury (8k+),83,99.83,5.0,4,1.6094379124341003,2026-05-06,Preorder,Манга и комиксы,Medium (15-30%),False,Classic/Old
"Прощайте, горе-учитель. Книга 2",Комильфо. манга,2022,False,твердый переплет,Hardcover,2738,0.0,2738.0,0.0,Economy (1.5-3k),27,101.41,5.0,2,1.0986122886681096,2026-04-27,In stock,Манга и комиксы,Minimal (0-5%),False,Classic/Old
Однажды я стала принцессой. Том 4. Вебтун,Аст,2025,False,твердый переплет,Hardcover,11066,0.0,11066.0,0.0,Luxury (8k+),111,99.69,5.0,1,0.6931471805599453,2026-04-27,In stock,Манга и комиксы,Minimal (0-5%),False,New
Единственный конец злодейки —  смерть. Том 2,Миф (манн,2023,False,твердый переплет,Hardcover,5752,40.0,9587.0,3835.0,Premium (5-8k),58,99.17,4.8,20,2.922741540214486,2026-04-27,In stock,Манга и комиксы,High (30%+),False,Classic/Old
Naruto. Наруто. Книги 18-20. Комплект из 3 книг,Азбука,2026,False,суперобложка,Supercover,22154,15.0,26064.0,3910.0,Luxury (8k+),222,99.79,,0,,2026-05-06,Preorder,Манга и комиксы,Low (5-15%),False,New
Пять невест. Комплект из 3 книг,Комильфо. манга. пять невест,2025,False,твердый переплет,Hardcover,14368,15.0,16904.0,2536.0,Luxury (8k+),144,99.78,4.0,1,0.5545177444479562,2026-04-27,In stock,Манга и комиксы,Low (5-15%),False,New
Секьюрити Брич,Эксмо,2023,False,твердый переплет,Hardcover,3711,25.0,4948.0,1237.0,Mid (3-5k),37,100.3,,0,,2026-04-27,In stock,Манга и комиксы,Medium (15-30%),False,Classic/Old
Темные ночи. Металл смерти. Книга 1,Азбука,2022,False,твердый переплет,Hardcover,7616,55.0,16924.0,9308.0,Premium (5-8k),76,100.21,5.0,1,0.6931471805599453,2026-04-27,In stock,Манга и комиксы,High (30%+),False,Classic/Old
One Piece. Большой куш 1-4. Комплект из 4 книг,Азбука,2024,False,суперобложка,Supercover,27398,15.0,32233.0,4835.0,Luxury (8k+),274,99.99,,0,,2026-05-06,Preorder,Манга и комиксы,Low (5-15%),False,New
Death Note. Истории,Азбука,2021,False,твердый переплет,Hardcover,6672,20.0,8340.0,1668.0,Premium (5-8k),67,99.58,5.0,5,1.791759469228055,2026-04-27,In stock,Манга и комиксы,Medium (15-30%),False,Classic/Old
Человек-бензопила. Истории о напарниках,Азбука,2023,False,твердый переплет,Hardcover,5439,15.0,6399.0,960.0,Premium (5-8k),54,100.72,5.0,3,1.3862943611198906,2026-05-06,Preorder,Манга и комиксы,Low (5-15%),False,Classic/Old
Растения против зомби. Садовая война,Аст,2020,False,твердый переплет,Hardcover,4948,0.0,4948.0,0.0,Mid (3-5k),49,100.98,5.0,4,1.6094379124341003,2026-05-09,Preorder,Манга и комиксы,Minimal (0-5%),False,Classic/Old
"Папа, я против этого брака. Том 7",Кислород,2026,False,твердый переплет,Hardcover,6159,30.0,8799.0,2640.0,Premium (5-8k),62,99.34,5.0,1,0.6931471805599453,2026-05-06,Preorder,Манга и комиксы,Medium (15-30%),False,New
Наруто. Книга 2. Мост героя,Азбука,2021,False,суперобложка,Supercover,8100,20.0,10125.0,2025.0,Luxury (8k+),81,100.0,4.9,15,2.7171369477949856,2026-05-06,Preorder,Манга и комиксы,Medium (15-30%),False,Classic/Old
Поднятие уровня в одиночку. Том 10,Аст,2025,False,твердый переплет,Hardcover,10375,0.0,10375.0,0.0,Luxury (8k+),104,99.76,5.0,2,1.0986122886681096,2026-04-28,Preorder,Манга и комиксы,Minimal (0-5%),False,New
Мара и Морок. Графический роман. Том 1,Комильфо,2025,False,твердый переплет,Hardcover,4944,35.0,7606.0,2662.0,Mid (3-5k),49,100.9,5.0,2,1.0986122886681096,2026-04-27,In stock,Манга и комиксы,High (30%+),False,New
Несмешно,Комильфо. комфедерация. зарубежные комиксы,2022,False,твердый переплет,Hardcover,1407,30.0,2010.0,603.0,Budget (<1.5k),14,100.5,5.0,1,0.6931471805599453,2026-04-27,In stock,Манга и комиксы,Medium (15-30%),False,Classic/Old
Человек-бензопила. Книги 7-9. Комплект из 3 книг,Азбука,2024,False,твердый переплет,Hardcover,13210,15.0,15541.0,2331.0,Luxury (8k+),132,100.08,,0,,2026-05-06,Preorder,Манга и комиксы,Low (5-15%),False,New
Поднятие уровня в одиночку. Том 1,Аст,2023,False,твердый переплет,Hardcover,10967,0.0,10967.0,0.0,Luxury (8k+),110,99.7,4.9,20,2.9836319889689547,2026-04-28,Preorder,Манга и комиксы,Minimal (0-5%),False,Classic/Old
Человек-бензопила. Книги 9-11. Комплект из 3 книг,Азбука,2024,False,твердый переплет,Hardcover,13112,15.0,15426.0,2314.0,Luxury (8k+),131,100.09,,0,,2026-05-06,Preorder,Манга и комиксы,Low (5-15%),False,New
"Брюс Ли. Будь водой, друг мой",Аст,2024,False,твердый переплет,Hardcover,5116,0.0,5116.0,0.0,Premium (5-8k),51,100.31,5.0,2,1.0986122886681096,2026-04-27,In stock,Биография,Minimal (0-5%),False,New
"Жизнь, которую стоит прожить. Альбер Камю и поиски смысла",Индивидуум паблишинг,2024,False,мягкая обложка,Paperback,5538,0.0,5538.0,0.0,Premium (5-8k),55,100.69,5.0,3,1.3862943611198906,2026-04-27,In stock,Биография,Minimal (0-5%),False,New
Моя жизнь,Азбука-классика. non-fiction,2023,False,мягкая обложка,Paperback,2100,15.0,2471.0,371.0,Economy (1.5-3k),21,100.0,4.8,19,2.875902982611831,2026-04-27,In stock,Биография,Low (5-15%),False,Classic/Old
"Склероз, рассеянный по жизни",Иностранка / колибри,2021,False,твердый переплет,Hardcover,10859,20.0,13574.0,2715.0,Luxury (8k+),109,99.62,5.0,5,1.791759469228055,2026-05-06,Preorder,Биография,Medium (15-30%),False,Classic/Old
Моя жизнь. От зависимости к свободе. Автобиография,Эксмо,2024,False,твердый переплет,Hardcover,2070,20.0,2588.0,518.0,Economy (1.5-3k),21,98.57,5.0,4,1.6094379124341003,2026-04-28,Preorder,Биография,Medium (15-30%),False,New
Мой театр. Книга вторая,Аст,2023,False,твердый переплет,Hardcover,13342,0.0,13342.0,0.0,Luxury (8k+),133,100.32,5.0,21,3.091042453358316,2026-04-28,Preorder,Биография,Minimal (0-5%),False,Classic/Old
Одри Хепберн,Яуза,2023,False,уникальная автобиография женщины-эпохи (обложка),Paperback,5242,0.0,5242.0,0.0,Premium (5-8k),52,100.81,5.0,2,1.0986122886681096,2026-04-27,In stock,Биография,Minimal (0-5%),False,Classic/Old
О технике актера,Аст,2018,False,мягкая обложка,Paperback,2218,0.0,2218.0,0.0,Economy (1.5-3k),22,100.82,5.0,10,2.3978952727983707,2026-04-27,In stock,Биография,Minimal (0-5%),False,Classic/Old
Лионель Месси,Аст,2023,False,твердый переплет,Hardcover,4948,0.0,4948.0,0.0,Mid (3-5k),49,100.98,5.0,10,2.3978952727983707,2026-04-27,In stock,Биография,Minimal (0-5%),False,Classic/Old
Стой и свети. Стихи о тебе,Эксмо,2021,False,твердый переплет,Hardcover,3870,20.0,4838.0,968.0,Mid (3-5k),39,99.23,5.0,2,1.0986122886681096,2026-04-27,In stock,Биография,Medium (15-30%),False,Classic/Old
All You Need Is Love. The Beatles. Устами очевидцев,Аст,2026,False,твердый переплет,Hardcover,7606,0.0,7606.0,0.0,Premium (5-8k),76,100.08,5.0,1,0.6931471805599453,2026-04-27,In stock,Биография,Minimal (0-5%),False,New
Слово пацана. Криминальный Татарстан,Индивидуум паблишинг,2020,False,мягкая обложка,Paperback,4060,0.0,4060.0,0.0,Mid (3-5k),41,99.02,4.7,68,3.9800601143214243,2026-04-27,In stock,Биография,Minimal (0-5%),False,Classic/Old
Чингисхан. Тиран. Владыка. Хан,Колибри nonfiction,2022,False,мягкая обложка,Paperback,4538,20.0,5672.0,1134.0,Mid (3-5k),45,100.84,,0,,2026-05-06,Preorder,Биография,Medium (15-30%),False,Classic/Old
Криштиану Роналду. Иллюстрированное издание,Бомбора,2024,False,твердый переплет,Hardcover,6033,30.0,8619.0,2586.0,Premium (5-8k),60,100.55,5.0,2,1.0986122886681096,2026-04-27,In stock,Биография,Medium (15-30%),False,New
Репортаж с петлей на шее,Альпина паблишер,2023,False,твердый переплет,Hardcover,2585,40.0,4308.0,1723.0,Economy (1.5-3k),26,99.42,5.0,1,0.6931471805599453,2026-04-27,In stock,Биография,High (30%+),False,Classic/Old
Наполеон,Альпина нон-фикшн,2023,False,твердый переплет,Hardcover,8651,40.0,14418.0,5767.0,Luxury (8k+),87,99.44,4.9,20,2.9836319889689547,2026-05-06,Preorder,Биография,High (30%+),False,Classic/Old
Ленин,Альпина нон-фикшн,2025,False,твердый переплет,Hardcover,7192,35.0,11065.0,3873.0,Premium (5-8k),72,99.89,5.0,1,0.6931471805599453,2026-04-27,In stock,Биография,High (30%+),False,New
"BTS. Биография группы, покорившей мир",Бомбора,2018,False,твердый переплет,Hardcover,4458,20.0,5572.0,1114.0,Mid (3-5k),45,99.07,4.9,78,4.2820588954176815,2026-04-27,In stock,Биография,Medium (15-30%),False,Classic/Old
Путь к богатству,Эксмо,2023,False,твердый переплет,Hardcover,9943,20.0,12429.0,2486.0,Luxury (8k+),99,100.43,5.0,1,0.6931471805599453,2026-04-28,Preorder,Биография,Medium (15-30%),False,Classic/Old
Когда все только начинается,Эксмо,2022,False,твердый переплет,Hardcover,4701,20.0,5876.0,1175.0,Mid (3-5k),47,100.02,5.0,5,1.791759469228055,2026-04-27,In stock,Биография,Medium (15-30%),False,Classic/Old
Мисс Остин,Бель летр,2025,False,мягкая обложка,Paperback,3187,40.0,5312.0,2125.0,Mid (3-5k),32,99.59,5.0,1,0.6931471805599453,2026-05-06,Preorder,Биография,High (30%+),False,New
Автобиография йога,Аст,2023,False,твердый переплет,Hardcover,6423,0.0,6423.0,0.0,Premium (5-8k),64,100.36,5.0,19,2.995732273553991,2026-05-09,Preorder,Биография,Minimal (0-5%),False,Classic/Old
Ицхак Адизес. Автобиография ведущего мирового эксперта по менеджменту,Бомбора,2025,False,твердый переплет,Hardcover,9943,20.0,12429.0,2486.0,Luxury (8k+),99,100.43,,0,,2026-04-28,Preorder,Биография,Medium (15-30%),False,New
Григорий Распутин,Вече,2022,False,твердый переплет,Hardcover,6673,25.0,8897.0,2224.0,Premium (5-8k),67,99.6,,0,,2026-04-27,In stock,Биография,Medium (15-30%),False,Classic/Old
Дневник Гуантанамо,Рипол классик,2022,False,мягкая обложка,Paperback,4207,35.0,6472.0,2265.0,Mid (3-5k),42,100.17,5.0,5,1.791759469228055,2026-04-27,In stock,Биография,High (30%+),False,Classic/Old
Моя жизнь. Мои достижения,Аст,2020,False,мягкая обложка,Paperback,1816,0.0,1816.0,0.0,Economy (1.5-3k),18,100.89,4.8,24,3.0901207918734723,2026-04-27,In stock,Биография,Minimal (0-5%),False,Classic/Old
Записки примата. Необычайная жизнь учёного,Альпина нон-фикшн,2023,False,мягкая обложка,Paperback,4247,40.0,7078.0,2831.0,Mid (3-5k),42,101.12,5.0,2,1.0986122886681096,2026-05-06,Preorder,Биография,High (30%+),False,Classic/Old
Письма к друзьям,Аст,2013,False,мягкая обложка,Paperback,1442,15.0,1696.0,254.0,Budget (<1.5k),14,103.0,4.9,12,2.5136503703123063,2026-04-27,In stock,Биография,Low (5-15%),False,Classic/Old
Анатолий Букреев,Бомбора,2023,False,твердый переплет,Hardcover,6114,20.0,7642.0,1528.0,Premium (5-8k),61,100.23,5.0,4,1.6094379124341003,2026-04-27,In stock,Биография,Medium (15-30%),False,Classic/Old
"Правила для мужчин. Как стать успешным в личной жизни, бизнесе и власти",Альпина про,2024,False,твердый переплет,Hardcover,4901,40.0,8168.0,3267.0,Mid (3-5k),49,100.02,,0,,2026-05-06,Preorder,Биография,High (30%+),False,New
Сокровища кочевника: Париж и далее везде,Аст,2023,False,твердый переплет,Hardcover,2608,75.0,10432.0,7824.0,Economy (1.5-3k),26,100.31,5.0,1,0.6931471805599453,2026-04-27,In stock,Биография,High (30%+),False,Classic/Old
Мой театр,Unknown,,True,твердый переплет,Hardcover,13342,0.0,13342.0,0.0,Luxury (8k+),133,100.32,5.0,36,3.6109179126442243,2026-04-28,Preorder,Биография,Minimal (0-5%),,Classic/Old
Мемуары,Аст,2023,False,мягкая обложка,Paperback,1760,0.0,1760.0,0.0,Economy (1.5-3k),18,97.78,5.0,3,1.3862943611198906,2026-04-27,In stock,Биография,Minimal (0-5%),False,Classic/Old
Джеки Чан. Я счастливый,Бомбора,2023,False,твердый переплет,Hardcover,11558,20.0,14448.0,2890.0,Luxury (8k+),116,99.64,5.0,4,1.6094379124341003,2026-04-28,Preorder,Биография,Medium (15-30%),False,Classic/Old
140 бесед с Молотовым. Второй после Сталина,Родина,2019,False,твердый переплет,Hardcover,7840,20.0,9800.0,1960.0,Premium (5-8k),78,100.51,5.0,2,1.0986122886681096,2026-04-27,In stock,Биография,Medium (15-30%),False,Classic/Old
Изверг. Когда правда страшнее смерти,Бомбора,2024,False,твердый переплет,Hardcover,3122,20.0,3902.0,780.0,Mid (3-5k),31,100.71,4.3,3,1.192213150563106,2026-04-28,Preorder,Биография,Medium (15-30%),False,New
Джеки,Бель летр,2025,False,мягкая обложка,Paperback,4983,20.0,6229.0,1246.0,Mid (3-5k),50,99.66,5.0,1,0.6931471805599453,2026-05-06,Preorder,Биография,Medium (15-30%),False,New
Бейсен және болмыс,Самға баспасы,2022,False,мягкая обложка,Paperback,4408,0.0,4408.0,0.0,Mid (3-5k),44,100.18,,0,,2026-04-27,In stock,Биография,Minimal (0-5%),False,Classic/Old
Клуб гениальных психопатов. Странности и причуды великих и знаменитых,Бомбора,2026,False,твердый переплет,Hardcover,4717,20.0,5896.0,1179.0,Mid (3-5k),47,100.36,,0,,2026-04-27,In stock,Биография,Medium (15-30%),False,New
Эйнштейн. Его жизнь и его Вселенная,Corpus,2015,False,суперобложка,Supercover,12155,0.0,12155.0,0.0,Luxury (8k+),122,99.63,5.0,6,1.9459101490553132,2026-04-28,Preorder,Биография,Minimal (0-5%),False,Classic/Old
"Женщины, изменившие мир",Эксмо,2010,False,твердый переплет,Hardcover,11255,45.0,20464.0,9209.0,Luxury (8k+),113,99.6,,0,,2026-04-27,In stock,Биография,High (30%+),False,Classic/Old
Анна. Биография самой влиятельной женщины Vogue,Одри,2025,False,твердый переплет,Hardcover,9188,0.0,9188.0,0.0,Luxury (8k+),92,99.87,5.0,2,1.0986122886681096,2026-04-28,Preorder,Биография,Minimal (0-5%),False,New
Заклятие сатаны,Аст,2018,False,твердый переплет,Hardcover,8492,0.0,8492.0,0.0,Luxury (8k+),85,99.91,5.0,1,0.6931471805599453,2026-04-27,In stock,Биография,Minimal (0-5%),False,Classic/Old
"Вы, конечно, шутите, мистер Фейнман!",Аст,2024,False,твердый переплет,Hardcover,6128,0.0,6128.0,0.0,Premium (5-8k),61,100.46,5.0,2,1.0986122886681096,2026-04-28,Preorder,Биография,Minimal (0-5%),False,New
Мухаммед Али. Биография,Аст,2024,False,твердый переплет,Hardcover,7961,0.0,7961.0,0.0,Premium (5-8k),80,99.51,5.0,4,1.6094379124341003,2026-04-28,Preorder,Биография,Minimal (0-5%),False,New
"То, чего нет в моих книгах",Альпина нон-фикшн,2022,False,твердый переплет,Hardcover,2890,40.0,4817.0,1927.0,Economy (1.5-3k),29,99.66,5.0,1,0.6931471805599453,2026-05-06,Preorder,Биография,High (30%+),False,Classic/Old
Президент Токаев. Искусство менять мир,Молодая гвардия,2025,False,твердый переплет,Hardcover,2570,20.0,3212.0,642.0,Economy (1.5-3k),26,98.85,5.0,2,1.0986122886681096,2026-05-06,Preorder,Биография,Medium (15-30%),False,New
"Коко Шанель. Жизнь, рассказанная ею самой",Яуза-пресс,2023,False,твердый переплет,Hardcover,4821,0.0,4821.0,0.0,Mid (3-5k),48,100.44,4.9,9,2.256533391134165,2026-04-28,Preorder,Биография,Minimal (0-5%),False,Classic/Old
Тед Банди. Полная история самого обаятельного серийного убийцы,Эксмо,2025,False,мягкая обложка,Paperback,1955,20.0,2444.0,489.0,Economy (1.5-3k),20,97.75,,0,,2026-04-27,In stock,Биография,Medium (15-30%),False,New
Безбилетный пассажир,Рипол классик,2023,False,твердый переплет,Hardcover,5876,35.0,9040.0,3164.0,Premium (5-8k),59,99.59,5.0,7,2.0794415416798357,2026-05-06,Preorder,Биография,High (30%+),False,Classic/Old
Майк Тайсон. Беспощадная истина,Эксмо,2021,False,твердый переплет,Hardcover,4983,20.0,6229.0,1246.0,Mid (3-5k),50,99.66,5.0,7,2.0794415416798357,2026-04-28,Preorder,Биография,Medium (15-30%),False,Classic/Old
"Фетишист. История Джерри Брудоса, «обувного маньяка»",Inspiria,2024,False,твердый переплет,Hardcover,5116,0.0,5116.0,0.0,Premium (5-8k),51,100.31,5.0,3,1.3862943611198906,2026-04-27,In stock,Биография,Minimal (0-5%),False,New
Данелия. Комплект из 3 книг,Рипол классик,2023,False,твердый переплет,Hardcover,15858,25.0,21144.0,5286.0,Luxury (8k+),159,99.74,5.0,4,1.6094379124341003,2026-05-06,Preorder,Биография,Medium (15-30%),False,Classic/Old
Халатная жизнь,Колибри,2025,False,твердый переплет,Hardcover,8284,20.0,10355.0,2071.0,Luxury (8k+),83,99.81,,0,,2026-05-06,Preorder,Биография,Medium (15-30%),False,New
Сын ХАМАСа,Строки,2024,False,мягкая обложка,Paperback,3977,20.0,4971.0,994.0,Mid (3-5k),40,99.42,5.0,3,1.3862943611198906,2026-04-27,In stock,Биография,Medium (15-30%),False,New
50 правил Коко Шанель,Эксмо,2025,False,твердый переплет,Hardcover,4072,20.0,5090.0,1018.0,Mid (3-5k),41,99.32,5.0,1,0.6931471805599453,2026-04-27,In stock,Биография,Medium (15-30%),False,New
Becoming,Random house - penguin,2021,False,мягкая обложка,Paperback,10606,25.0,14141.0,3535.0,Luxury (8k+),106,100.06,5.0,1,0.6931471805599453,2026-05-08,Preorder,Биография,Medium (15-30%),False,Classic/Old
Rammstein. Горящие сердца,Аст,2020,False,твердый переплет,Hardcover,3595,15.0,4229.0,634.0,Mid (3-5k),36,99.86,4.5,2,0.9887510598012986,2026-04-27,In stock,Биография,Low (5-15%),False,Classic/Old
Жизнь гейши. Мемуары самой известной гейши,Бомбора,2023,False,твердый переплет,Hardcover,4603,20.0,5754.0,1151.0,Mid (3-5k),46,100.07,4.8,10,2.3019794618864355,2026-04-27,In stock,Биография,Medium (15-30%),False,Classic/Old
За рулем империи Фиат. История и тайны самой могущественной династии Италии,Бомбора,2025,False,твердый переплет,Hardcover,4452,20.0,5565.0,1113.0,Mid (3-5k),45,98.93,,0,,2026-04-27,In stock,Биография,Medium (15-30%),False,New
